"nr_comp_movim","qtd_registros","valor_medio"
202401,441,5198.96172335601
202402,413,5195.71547215496
202403,452,4995.91665929204
202404,466,5257.025472103
202405,423,5310.04652482269
202406,457,5505.83829321663
